id,Никнейм,Цена хэд,Цена халф,Цена фулл,"Время, скетч","Время, лайн","Время, рендер","Время, общение с заказчиком",Количество бесплатных правок,Дедлайн,Скидки/доплаты,Основная платформа,Заказов за месяц (в среднем)
0,Liqqris,1200,1900,2500,1,1,2,4,5,30,доплата сложный дизайн,Telegram,4
1,littlebird,1000,1500,3000,"0,5","0,5","0,5","1,5",1,60,"доплата сложный дизайн, фон",Telegram,3
2,MaidM,600,1500,2000,2,4,4,4,5,14,доплата сложный дизайн,Telegram,7
3,SunRR,600,1200,2000,"1,5","4,5",9,27,4,30,доп персонаж дороже,Telegram,2
4,Sorano,2200,4000,4600,2,6,6,12,0,120,,Telegram,2
5,G410,1220,1500,2000,1,1,3,3,10,30,,Telegram,5
6,MnT,1550,1700,1900,0,0,0,0,3,40,,Telegram,2
7,TenTacFact99,800,1000,1200,3,9,27,54,6,15,,Telegram,3
8,Салфетки365,2069,3069,4069,1,2,2,6,5,40,,Telegram,3
9,BzBbTTV,1900,2300,4000,1,3,9,27,8,60,,Telegram,3
10,ProdamGarazh,1234,1600,2000,1,2,4,4,5,30,,Telegram,1
11,PAPER,1450,1760,1950,2,4,4,8,6,50,,Telegram,6
12,абгдееж,1111,2222,3333,2,6,18,18,4,60,,Telegram,8
13,апоадмо,943,1084,1398,3,9,27,81,5,30,,Telegram,4
14,Мила,800,1200,1500,1,1,3,3,4,20,,Telegram,1
15,Ubkmthvj LtkmFhn,850,1450,2000,"0,5","0,5",1,1,6,365,скидка постоянным заказчикам,Telegram,7
16,UUUUUU1-san,1700,2300,2750,1,3,3,3,5,75,может нарисовать втуб модельку (дороже),Telegram,8
17,Честер Бигбенингтон,2000,2500,3000,1,1,1,2,2,16,,Telegram,10
18,Покраска заборов,880,1000,3000,0,0,0,0,0,40,,Telegram,5
19,Ryan Gosling,200,900,1000,1,1,1,1,20,30,райан гослинг со скидкой,Telegram,11
20,Furry4EVA,3000,5000,12000,3,6,6,12,1,30,,Telegram,0
21,FurryDestroyer,0,0,4000,2,6,18,18,7,25,,Telegram,10
22,МайкрософтБоб,200,500,700,1,2,6,18,20,30,,Telegram,8
23,Иноа,790,1580,2392,"0,5","0,5",1,2,12,30,,Telegram,11
24,Да,50,100,200,"0,5",1,2,6,5,60,,Telegram,4
25,VV,290,500,1200,2,6,6,6,0,31,,Telegram,10
26,GoogleBard,3000,5500,8000,4,4,12,24,3,14,"срочность, фон, доп.персонаж",Telegram,10
27,Великая Герта,800,1200,1500,1,3,3,3,5,18,"сложный дизайн, фон",Telegram,0
28,Лунный Свет,3821,5206,7580,3,3,9,27,2,81,,Telegram,1
29,Тень Ветра,145,3462,8400,5,5,15,30,4,221,,Telegram,3
30,Одинокий Волк,4987,7831,16530,4,8,24,72,0,179,,Telegram,0
31,Звездная Пыль,2301,5343,7092,1,1,2,2,0,153,,Telegram,2
32,Ночной Дозор,76,2287,6920,1,3,3,9,2,126,,Telegram,3
33,Ледяной Феникс,3500,10146,12853,1,2,4,12,16,257,,Telegram,5
34,Пламя Души,112,1631,4347,5,5,10,30,0,150,,Telegram,6
35,Дикий Ангел,4567,10208,13243,2,6,18,36,1,274,,TikTok,1
36,Тайный Агент,890,8264,10661,5,15,30,60,5,63,,Telegram,7
37,Черный Дракон,2143,5859,13493,1,3,9,27,4,302,,Telegram,4
38,Небесный Странник,311,4942,13013,1,3,9,9,3,354,,Telegram,4
39,Быстрый Как Ветер,4899,12583,21580,1,3,9,9,2,123,,VKontakte,0
40,Тихий Омут,10,5363,13088,4,8,16,48,4,197,,VKontakte,7
41,Северный Ветер,5000,13882,17259,0,0,0,0,1,338,,VKontakte,9
42,Дождь В Ночи,2345,9324,14827,5,15,45,135,0,329,,VKontakte,11
43,Забытый Герой,1200,8831,13381,3,6,18,36,3,32,,VKontakte,8
44,Яркая Звезда,678,9143,10811,2,6,6,12,3,34,,VKontakte,10
45,Кибер Кот,3400,11254,16799,1,1,3,3,0,67,,VKontakte,2
46,Бегущий По Лезвию,999,8716,13952,3,3,3,6,0,91,,Instagram,8
47,Холодное Сердце,4123,12315,15389,3,6,18,18,4,354,,Twitter,5
48,Мастер Снов,765,2218,3344,5,5,10,20,4,27,,TikTok,3
49,Тайна За Семью Печатями,12,5714,8590,5,15,15,45,1,121,,Toyhouse,11
50,Воин Света,345,2587,8630,0,0,0,0,3,343,,ArtStation,5
51,Последний Самурай,4890,13246,16963,2,6,12,12,4,191,,Instagram,7
52,Снежная Королева,2109,6698,9425,2,2,2,4,1,304,,YchCommishes,7
53,ShadowWalker,34,7093,10602,3,9,27,54,3,94,,Pinterest,9
54,DarkRaven,1123,6468,12713,5,10,30,60,4,305,,TikTok,1
55,NightShade,4500,13465,17518,1,2,2,4,4,356,,Instagram,2
56,FrostByte,89,5522,11337,5,15,30,30,0,34,,Pinterest,5
57,SoulEater,2156,5837,11410,0,0,0,0,1,317,,TikTok,10
58,BlazeFinder,310,3186,4488,5,15,45,45,1,154,,YchCommishes,5
59,IronHeart,4880,7832,11896,3,3,6,18,4,46,,Instagram,11
60,SilentHunter,5,7689,14070,4,12,12,12,0,206,,Toyhouse,6
61,LoneWolf,4999,8036,11949,3,6,18,36,0,85,,TikTok,9
62,StarGazer,2300,10839,13404,0,0,0,0,3,58,,YchCommishes,2
63,MoonLight,1210,7243,12376,3,3,3,3,3,102,,Instagram,11
64,DreamWeaver,680,8612,14379,1,1,3,9,4,354,,ArtStation,4
65,ViperVenom,3410,11744,17321,3,3,6,12,0,164,,Pinterest,7
66,GhostProtocol,990,2915,8771,1,2,6,6,2,114,,TikTok,8
67,EchoChaser,4133,10601,18294,3,9,27,81,0,288,,YchCommishes,0
68,WildFire,770,6627,10864,1,2,4,8,1,338,,Instagram,3
69,SkyBreaker,15,7450,15213,1,2,6,18,4,264,,TikTok,11
70,NeonKnight,350,4144,11107,0,0,0,0,1,249,,ArtStation,5
71,PixelPirate,4895,6592,13945,0,0,0,0,5,224,,Instagram,7
72,StealthFox,2110,6449,8479,5,10,30,90,1,109,,Toyhouse,2
73,CodeBreaker,38,5382,6627,5,10,20,60,4,65,,TikTok,10
74,MysticRiver,1130,9757,13498,2,4,4,4,1,175,,YchCommishes,9
75,OceanBreeze,4505,9508,15276,2,6,18,36,3,234,,Instagram,12
76,CrimsonKing,95,3256,4503,4,12,12,12,5,66,,ArtStation,3
77,EternalFlame,2160,8612,12493,3,3,9,18,1,159,,Pinterest,3
78,Эхо,315,7129,8534,3,3,9,18,2,33,,TikTok,2
79,Скат,4885,11871,13115,3,3,9,18,2,228,,YchCommishes,7
80,Луч,8,1435,4375,3,3,9,27,1,21,,Instagram,8
81,Дым,4995,7505,14085,0,0,0,0,4,16,,TikTok,3
82,Клык,2310,3737,8465,3,3,3,3,5,331,,ArtStation,1
83,Шторм,1220,5771,10733,0,0,0,0,2,134,,Instagram,8
84,Атом,690,8176,9218,5,5,5,15,0,351,,Toyhouse,10
85,Пик,3420,5714,13971,4,12,12,36,2,225,,TikTok,11
86,Дзен,980,6294,12552,3,9,9,27,3,53,,YchCommishes,8
87,Риск,4143,8343,14301,4,12,36,108,4,77,,Instagram,5
88,Nova,780,3925,8185,5,10,20,60,3,151,,ArtStation,0
89,Bolt,20,5179,7709,2,2,4,8,2,200,,Pinterest,1
90,Ace,360,5700,12968,3,9,18,18,5,224,,TikTok,3
91,Lux,4900,11725,13118,1,2,4,12,0,289,,YchCommishes,3
92,Kai,2120,3235,12066,4,4,12,12,1,329,,Instagram,12
93,Zen,40,5287,6858,1,3,9,18,5,95,,TikTok,2
94,Rift,1140,3080,5147,4,12,36,108,2,330,,ArtStation,4
95,Blaze,4510,8350,14738,4,4,8,24,4,305,,Instagram,0
96,Pulse,100,3176,10216,4,12,12,24,3,291,скидки постоянным,Toyhouse,9
97,Peak,2170,9980,15241,5,5,5,5,0,260,,TikTok,3
98,ЗачемУсложнятьЖизнь,320,1993,10412,1,3,3,3,2,212,,YchCommishes,2
99,Сумеречный Еж,4870,12219,19801,5,15,45,90,0,167,,Instagram,3
100,Бабушка Геймера,1,2481,7140,4,4,4,4,0,30,,ArtStation,6
101,Фобос Твоей Мечты,4990,9132,16084,3,9,9,27,4,151,,Pinterest,6
102,Печенька С Предсказанием,2320,4644,9835,5,15,15,45,5,304,райан гослинг со скидкой,TikTok,4
103,Авокадо В Засаде,1230,5421,12265,2,4,4,8,3,159,,YchCommishes,2
104,Норильский Геймер,700,5809,8778,2,2,2,4,5,291,,Instagram,0
105,Ленивый Ниндзя,3430,10324,16712,3,6,18,36,4,232,,TikTok,0
106,Кофе_Маньяк,970,5137,8151,1,1,2,6,0,242,,ArtStation,5
107,Ошибка 404,4153,5255,13207,1,1,3,9,1,104,,Instagram,10
108,Unicorn_In_Rain,790,2421,4219,2,2,6,6,0,339,,TikTok,1
109,NotYourAverageUser,25,1029,8987,4,4,4,12,1,23,"срочность, фон, доп.персонаж",Pinterest,12
110,Ctrl_Alt_Defeat,370,3669,12252,1,2,2,6,4,92,"сложный дизайн, фон",YchCommishes,1
111,SarcasticPotato,4905,12741,18515,0,0,0,0,2,140,,Instagram,0
112,Invisible_Sock,2130,9975,12970,1,3,3,6,3,212,,Toyhouse,4
113,Random_Username,45,1329,7563,4,8,8,16,3,202,,TikTok,4
114,ProbablyOffYouTube,1150,6708,11084,1,1,3,3,2,62,,YchCommishes,12
115,Vegan_Vampire,4515,11502,19931,3,6,12,24,4,56,,Instagram,7
116,Lost_In_Pixels,110,2071,5116,0,0,0,0,5,294,,Pinterest,9
117,Zombie_Programmer,2180,7849,16708,1,2,6,6,5,180,,ArtStation,3
118,Александр,325,6648,11636,3,6,12,12,0,299,,TikTok,2
119,Валерий,4860,8260,10364,0,0,0,0,4,65,,Instagram,3
120,Леонид,2,2279,5283,4,8,24,24,4,252,,YchCommishes,11
121,Борис,4985,10414,13541,4,8,24,48,2,53,,Pinterest,8
122,User_Name,2330,6937,15759,3,6,6,18,1,149,,TikTok,3
123,PlayerOne,1240,5645,9283,0,0,0,0,3,305,,ArtStation,2
124,Гость_777,710,3434,9161,2,4,4,12,1,103,,Toyhouse,1
125,Admin_,3440,11567,16778,4,4,12,12,4,43,,Instagram,12
126,Newbie,960,4087,11942,0,0,0,0,4,356,,YchCommishes,0
127,Unknown,4163,10948,12639,5,15,45,90,0,276,,TikTok,3
128,Вулкан,800,3074,9411,0,0,0,0,5,145,,ArtStation,10
129,Гейзер,30,5898,9667,5,5,10,20,0,103,,YchCommishes,11
130,Океан,380,6018,10299,2,2,4,12,1,290,,Pinterest,0
131,Пустыня,4910,10139,17393,5,15,30,90,2,197,,Instagram,3
132,Тайга,2140,8998,17169,3,3,9,27,5,171,,TikTok,3
133,Туман,50,4457,7235,5,15,30,90,3,22,,YchCommishes,12
134,Изморозь,1160,3795,7010,5,5,15,15,1,360,,Toyhouse,10
135,Молния,4520,6713,9160,1,2,6,12,5,147,,Instagram,2
136,Гром,120,1503,10422,3,9,27,81,2,317,,ArtStation,9
137,Водопад,2190,4108,5825,4,4,4,4,3,278,,TikTok,7
138,Роса,330,4915,10202,5,15,15,30,4,363,,Pinterest,9
139,Иней,4850,11294,16318,4,12,12,24,2,319,,Instagram,5
140,Огонь,3,4671,9115,5,5,5,10,3,68,,YchCommishes,10
141,Земля,4980,6739,15568,3,6,6,6,5,24,,TikTok,3
142,Ветер,2340,4507,12354,3,3,3,9,1,156,,Pinterest,10
143,Вода,1250,2461,5108,1,3,9,27,3,251,,YchCommishes,8
144,Лес,720,8236,15029,2,6,12,36,3,31,,Instagram,5
145,Поле,3450,4752,13747,1,1,3,3,3,207,,TikTok,12
146,Река,950,2560,5171,0,0,0,0,3,84,,Toyhouse,12
147,Озеро,4173,6920,10923,5,15,30,30,4,136,,YchCommishes,5
148,Гора,810,6693,10816,5,10,10,20,5,36,,ArtStation,7
149,Снег,35,2957,4779,3,3,9,9,3,229,,Instagram,11
150,Дождь,390,8360,11334,0,0,0,0,2,124,,YchCommishes,9
151,Ураган,4915,13153,20121,1,1,1,1,3,52,,TikTok,2
152,Смерч,2150,7163,14997,0,0,0,0,5,328,,Toyhouse,11
153,Заря,55,3552,7428,5,15,15,30,4,195,"доплата сложный дизайн, фон",Pinterest,1
154,Закат,1170,3485,9339,4,4,12,36,2,285,доплата сложный дизайн,YchCommishes,6
155,Радуга,4525,12898,14419,0,0,0,0,3,209,доп персонаж дороже,Instagram,4
156,Северное Сияние,130,2750,6644,0,0,0,0,5,210,,Instagram,3
157,Метель,2200,5455,13003,5,5,15,45,3,68,,TikTok,0
158,Цунами,335,4440,7239,5,15,45,90,2,61,,ArtStation,4
159,Лавина,4840,7375,14150,5,10,20,40,4,132,,Instagram,9
160,Вулкан,4,7648,15065,1,3,3,6,2,61,,TikTok,10
161,Айсберг,4975,10579,14453,2,4,12,24,4,318,,Instagram,7
162,Родник,2350,5911,13152,4,8,16,48,2,204,,ArtStation,4
163,Залив,1260,8702,12132,5,10,10,10,2,128,,Instagram,5
164,Песок,730,4526,12270,3,9,18,18,2,351,,TikTok,2
165,Камень,3460,7993,11704,0,0,0,0,5,303,,Instagram,3
166,Дерево,940,3670,10811,4,4,12,36,2,95,,ArtStation,12
167,Корень,4183,5377,6578,3,3,9,18,1,280,,Instagram,4
168,Лист,820,8882,10719,5,15,15,45,4,112,,TikTok,5
169,Цветок,40,3539,6483,2,2,2,4,4,250,,Instagram,3
170,Трава,400,2352,11278,5,10,20,40,0,275,,ArtStation,0
171,Мох,4920,7028,14167,1,1,2,4,4,48,,Instagram,7
172,Папоротник,2160,5672,8214,1,2,2,2,2,67,,TikTok,6
173,Кактус,60,3211,4243,2,2,2,2,4,49,,Instagram,7
174,Бамбук,1180,7963,13437,2,2,6,12,2,191,,ArtStation,6
175,Эдельвейс,4530,9809,17344,0,0,0,0,0,171,,Instagram,9
176,Лотос,140,7386,10633,3,3,3,6,3,11,,TikTok,7
177,Роза,2210,5266,7237,5,15,45,90,5,90,,Instagram,12
178,Дубрава,340,1341,3414,5,15,15,15,0,96,,ArtStation,1
179,Ельник,4830,6607,9597,4,4,4,12,0,324,,Instagram,1
180,Береза,6,3944,9733,5,5,15,15,2,356,,TikTok,4
181,Сосна,4970,13533,16392,4,8,8,16,4,239,,Instagram,12
182,Кедр,2360,8492,10117,0,0,0,0,1,240,,ArtStation,12
183,Тундра,1270,2714,6175,3,9,27,27,0,155,,Instagram,9
184,Саванна,740,6207,12109,5,15,45,45,1,80,,TikTok,3
185,Джунгли,3470,5695,9227,3,3,9,27,0,10,,Instagram,2
186,Пурга,930,3938,7948,5,15,15,45,0,179,,ArtStation,12
187,Вьюга,4193,10886,12391,0,0,0,0,0,210,,Instagram,1
188,Оттепель,830,8067,16369,1,2,4,8,5,229,,TikTok,0
189,Весна,45,5736,9086,2,2,6,12,4,184,,Instagram,7
190,Лето,410,2605,9044,5,15,15,15,0,318,,ArtStation,0
191,Осень,4925,6232,7917,2,6,18,54,2,177,,Instagram,9
192,Зима,2170,8471,15963,2,6,12,12,4,260,,TikTok,9
193,Утро,65,2802,6796,0,0,0,0,3,217,,Instagram,1
194,День,1190,6876,12582,5,15,45,90,5,181,,ArtStation,0
195,Вечер,4535,5692,13700,4,8,24,72,2,254,,Instagram,1
196,Ночь,150,5204,9838,3,6,18,18,3,90,,TikTok,1
197,Полдень,2220,3346,5584,1,2,4,12,4,349,,Instagram,3
198,Полночь,345,2426,6092,5,10,20,20,3,61,,ArtStation,12
199,Аврора,4820,11663,15121,1,3,6,6,5,236,,Instagram,11
200,Муссон,7,7234,14575,4,4,12,12,3,36,,TikTok,8
201,Пассат,4965,13197,15157,0,0,0,0,4,312,,Instagram,6
202,Бриз,2370,3935,7834,4,8,24,48,4,266,,ArtStation,8
203,Штиль,1280,6961,11150,5,5,5,10,3,270,,Instagram,1
204,Зарница,750,4855,6856,0,0,0,0,5,130,,TikTok,7
205,Гроза,3480,10353,18579,2,4,12,24,1,317,,Instagram,12
206,Сель,920,6187,14563,0,0,0,0,3,141,,Instagram,6
207,Оползень,4203,12303,15851,1,2,4,4,3,201,,ArtStation,3
208,Град,840,9177,10432,5,15,45,90,3,37,,TikTok,1
209,Иней,50,7623,11737,3,6,18,54,2,66,,Instagram,2
210,Изморозь,420,4630,10745,4,12,36,72,0,250,,ArtStation,0
211,Ливень,4930,12261,18389,5,10,20,40,1,209,,TikTok,8
212,Капель,2180,10575,15073,1,2,2,2,0,231,,Instagram,3
213,Подснежник,70,1508,6529,1,1,3,9,1,234,,ArtStation,3
214,Одуванчик,1200,9050,12211,5,15,45,45,3,341,,TikTok,12
215,Клевер,4540,6045,11238,1,1,1,3,0,90,,Instagram,7
216,Василек,160,8855,11654,2,2,2,6,0,301,,ArtStation,3
217,Ромашка,2230,10381,13850,0,0,0,0,3,166,,TikTok,2
218,Фиалка,350,7616,10494,2,2,2,2,4,152,,Instagram,11
219,Сирень,4810,10372,16663,1,1,1,1,5,241,,ArtStation,0
220,Жасмин,9,8600,11979,5,15,30,60,0,157,,TikTok,5
221,Ландыш,4960,10992,19065,2,2,4,4,3,239,,Instagram,2
222,Вьюнок,2380,5792,9216,0,0,0,0,3,228,,ArtStation,11
223,Мак,1290,4343,9885,1,3,3,9,0,237,,TikTok,1
224,Тюльпан,760,2625,5413,1,1,1,1,2,222,,Instagram,7
225,Нарцисс,3490,5420,8498,4,4,4,8,1,131,,ArtStation,11
226,Пион,910,9299,16692,3,3,6,18,2,194,,TikTok,9
227,Гвоздика,4213,9037,10097,4,4,12,36,0,74,,Instagram,7
228,Лев,850,7948,14153,4,4,12,24,4,286,,ArtStation,5
229,Тигр,55,7723,13730,1,3,6,6,4,306,,TikTok,8
230,Медведь,430,1947,2968,4,4,4,4,2,317,,Instagram,8
231,Волк,4935,13569,15713,2,6,18,54,2,133,,ArtStation,9
232,Лиса,2190,10349,15116,2,4,4,12,3,343,,TikTok,6
233,Заяц,75,5124,13344,5,15,45,45,0,343,,Instagram,4
234,Еж,1210,9286,18255,5,15,45,135,3,129,,ArtStation,0
235,Бобр,4545,7751,11067,4,4,12,36,5,67,,TikTok,0
236,Кабан,170,5521,9127,4,8,16,16,3,59,,Instagram,4
237,Олень,2240,9188,16005,1,2,6,6,3,143,,ArtStation,10
238,Лось,355,7230,8781,3,9,18,36,2,275,,TikTok,4
239,Рысь,4800,12619,13622,2,2,2,6,5,167,,Instagram,12
240,Барс,11,7115,11385,5,10,30,30,4,156,,ArtStation,0
241,Гепард,4955,6686,14779,2,6,6,6,1,211,,TikTok,5
242,Пума,2390,9809,18301,0,0,0,0,5,32,,Instagram,12
243,Ягуар,1300,5712,11299,4,12,36,36,1,51,,ArtStation,8
244,Кот,770,2627,9101,0,0,0,0,4,288,,TikTok,5
245,Собака,3500,9806,12636,2,2,2,2,5,340,,Instagram,9
246,Ворон,900,9109,13671,0,0,0,0,4,86,,ArtStation,12
247,Орел,4223,11578,20302,2,4,12,24,4,260,,TikTok,9
248,Сокол,860,4561,10190,3,3,3,3,5,64,,Instagram,12
249,Ястреб,60,1367,3432,3,3,9,27,5,298,,ArtStation,12
250,Воробей,440,7281,9474,3,9,18,18,3,122,,TikTok,0
251,Синица,4940,7292,12625,1,1,1,3,4,29,,Instagram,6
252,Снегирь,2200,5735,14078,1,2,2,6,1,242,,ArtStation,7
253,Сова,80,4571,11058,5,5,15,45,2,330,,TikTok,7
254,Филин,1220,5069,7031,4,8,16,32,0,180,,Instagram,11
255,Чайка,4550,11213,12505,2,2,4,8,3,139,,ArtStation,7
256,Пеликан,180,8151,12275,2,4,12,12,5,78,,TikTok,7
257,Альбатрос,2250,5359,12848,3,3,6,6,5,277,,Instagram,10
258,Акула,360,2175,8197,1,1,3,3,0,145,,ArtStation,6
259,Кит,4790,6405,12265,2,6,18,36,0,262,,TikTok,2
260,Дельфин,13,6875,8619,5,5,15,45,3,133,,Instagram,10
261,Осьминог,4950,6032,12982,1,2,2,2,5,203,,ArtStation,10
262,Кальмар,2400,7501,15422,5,10,20,60,3,218,,TikTok,11
263,Медуза,1310,6922,14942,4,12,36,72,4,59,,Instagram,1
264,Краб,780,6118,13365,5,10,30,60,0,26,,ArtStation,2
265,Рак,3510,5550,9669,3,6,12,24,2,340,,TikTok,4
266,Рыба,890,6509,13395,3,9,18,18,5,346,,Instagram,4
267,Змея,4233,7354,11766,5,5,10,10,1,117,,TikTok,12
268,Ящерица,870,4240,7570,3,3,9,18,2,80,,Instagram,10
269,Крокодил,65,8863,12461,3,9,18,18,4,350,,ArtStation,6
270,Черепаха,450,8835,16364,4,12,36,36,5,199,,YouTube,11
271,Лягушка,4945,11812,14984,5,15,45,135,1,128,,Instagram,1
272,Жаба,2210,7585,10450,2,6,18,36,5,66,,BlueSky,11
273,Муравей,85,1670,5849,5,10,20,20,2,264,,VKontakte,11
274,Пчела,1230,4372,5433,0,0,0,0,5,93,,TikTok,8
275,Оса,4555,10782,15764,4,8,16,16,0,114,,Instagram,3
276,Шмель,190,2218,6744,4,4,8,8,0,296,,ArtStation,0
277,Бабочка,2260,3660,6075,3,3,6,6,1,109,,Instagram,1
278,Мотылек,365,1585,3095,1,1,2,6,5,188,,YouTube,9
279,Комар,4780,5849,9673,0,0,0,0,2,75,,TikTok,3
280,Муха,14,2458,10528,2,6,12,36,5,58,,BlueSky,2
281,Паук,4945,7989,15076,5,5,10,10,5,350,,VKontakte,1
282,Скорпион,2410,8201,10224,2,4,12,24,0,294,,Instagram,12
283,Богомол,1320,9880,17224,3,3,3,9,2,322,,ArtStation,7
284,Таракан,790,7816,14325,3,9,27,54,5,184,,Instagram,11
285,Жук,3520,10488,17802,1,1,1,3,4,232,,ArtStation,4
286,Божья Коровка,880,5943,12205,3,9,27,27,3,17,,YouTube,6
287,Стрекоза,4243,9397,15871,2,2,2,6,5,282,,Instagram,4
288,Улитка,880,4650,11125,1,2,4,8,5,321,,BlueSky,10
289,Червь,70,5854,13737,1,2,2,4,5,64,,VKontakte,4
290,Дракон,460,3969,9981,5,10,30,60,0,133,,TikTok,3
291,Феникс,4950,7825,13694,4,12,36,72,3,87,,Instagram,7
292,Грифон,2220,5724,10011,4,8,16,16,0,175,,ArtStation,4
293,Химера,90,6400,14823,3,3,3,6,1,209,,Instagram,0
294,Единорог,1240,9256,15758,1,3,9,18,1,77,"доплата сложный дизайн, фон",YouTube,4
295,Кентавр,4560,6622,11555,0,0,0,0,3,41,доплата сложный дизайн,TikTok,1
296,Русалка,200,2655,10431,0,0,0,0,3,11,доп персонаж дороже,BlueSky,10
297,Леший,2270,9542,15931,3,9,9,18,0,190,,VKontakte,0
298,Водяной,370,4326,5914,0,0,0,0,0,150,,Instagram,4
299,Баба-Яга,4770,8983,10620,0,0,0,0,3,235,,ArtStation,3
300,Змей Горыныч,16,5779,8444,5,15,30,60,5,262,,Instagram,6
301,Кощей,4940,7253,10633,5,5,5,10,2,79,,ArtStation,4
302,Домовой,2420,4894,8703,3,6,12,12,3,92,,YouTube,5
303,Гном,1330,9481,15524,5,5,15,15,2,99,,Instagram,2
304,Эльф,800,7804,9115,5,10,10,20,2,111,,BlueSky,2
305,Орк,3530,5210,11346,0,0,0,0,3,223,,VKontakte,3
306,Гоблин,870,7732,15210,5,10,30,60,2,247,,TikTok,2
307,Тролль,4253,10873,12255,1,3,3,6,0,96,,Instagram,3
308,Вампир,890,9353,14222,2,4,8,8,3,313,,ArtStation,11
309,Оборотень,75,4083,5725,2,6,12,12,1,59,,Instagram,3
310,Зомби,470,9182,11520,3,9,9,9,1,18,,YouTube,10
311,Призрак,4955,13522,15256,0,0,0,0,5,284,,TikTok,3
312,Дух,2230,11080,12529,2,4,12,12,2,314,,BlueSky,3
313,Демон,95,1943,4011,4,4,4,12,5,210,,VKontakte,2
314,Ангел,1250,4858,9829,5,5,15,45,4,163,,Instagram,2
315,Херувим,4565,7307,10109,1,2,6,18,2,294,,ArtStation,2
316,Сатир,210,3578,8197,2,2,2,6,5,215,,Instagram,4
317,Фавн,2280,9395,13253,5,5,15,45,2,342,,ArtStation,5
318,Гарпия,375,7827,14810,1,1,1,2,5,141,,YouTube,0
319,Медуза Горгона,4760,11634,13601,4,12,24,48,2,163,,Instagram,1
320,Цербер,17,3460,12008,3,3,3,3,3,175,,BlueSky,8
321,Гидра,4935,12306,18398,2,6,18,36,5,343,,VKontakte,2
322,Минотавр,2430,8477,9653,3,6,18,36,0,98,,TikTok,6
323,Сфинкс,1340,2905,10666,4,4,12,24,1,266,,Instagram,11
324,Циклоп,810,2975,9409,5,15,30,60,5,111,,ArtStation,11
325,Кракен,3540,10415,16750,2,4,12,12,3,267,,Instagram,4
326,Левиафан,860,3308,10586,5,5,15,30,3,64,,YouTube,10
327,Бегемот,4263,9471,12550,4,4,4,12,1,107,,TikTok,11
328,Атом,900,7319,14604,2,6,18,18,4,44,,BlueSky,1
329,Молекула,80,3686,5153,2,6,12,36,3,249,,VKontakte,0
330,Электрон,480,7077,12470,2,6,12,24,2,314,,Instagram,9
331,Протон,4960,10515,13431,3,3,3,9,3,195,,ArtStation,2
332,Нейтрон,2240,10101,15035,4,8,8,8,0,40,,Instagram,1
333,Кварк,100,9029,11649,2,4,12,24,4,88,,ArtStation,4
334,Фотон,1260,5369,7687,5,10,20,60,2,253,,YouTube,10
335,Бозон,4570,9823,17904,4,4,8,16,0,225,,Instagram,12
336,Ген,220,8598,14742,5,10,30,60,1,234,,BlueSky,9
337,Хромосома,2290,8671,15762,2,6,18,18,2,328,,VKontakte,7
338,ДНК,380,6038,12925,0,0,0,0,2,50,,TikTok,3
339,РНК,4750,11276,12590,2,4,8,16,2,64,,Instagram,2
340,Вирус,18,7342,15286,5,10,10,30,1,132,,ArtStation,4
341,Бактерия,4930,10966,15211,4,8,8,8,0,108,,Instagram,7
342,Клетка,2440,9638,13610,5,10,30,90,4,292,,YouTube,8
343,Нейрон,1350,3648,5070,5,10,30,60,0,54,,TikTok,8
344,Синапс,820,6631,10451,1,3,3,3,2,155,,BlueSky,1
345,Аксон,3550,4712,7410,0,0,0,0,4,156,,VKontakte,5
346,Дендрит,850,5207,9574,4,4,8,8,3,91,,Instagram,3
347,Код,4273,9750,18212,1,3,3,6,5,15,,ArtStation,3
348,Алгоритм,910,4395,10555,4,12,36,108,3,122,,Instagram,2
349,Программа,85,2496,11138,4,12,24,48,4,224,,ArtStation,3
350,Система,490,6132,11805,0,0,0,0,2,210,,YouTube,7
351,Сеть,4965,7651,14409,3,3,6,18,2,196,,Instagram,2
352,Сервер,2250,9959,12306,4,12,24,24,5,327,,BlueSky,12
353,Клиент,105,3611,7626,5,15,45,90,3,45,,VKontakte,9
354,Протокол,1270,7939,11358,1,3,3,9,0,269,,TikTok,10
355,Байт,4575,12280,14699,1,3,9,9,5,208,,Instagram,2
356,Бит,230,3955,6126,4,8,16,48,5,248,,ArtStation,1
357,Пиксель,2300,3758,8039,3,3,6,18,5,167,,Instagram,5
358,Воксель,385,1852,3926,5,15,45,45,3,264,,YouTube,3
359,Тексель,4740,13645,19905,3,9,18,54,5,79,,TikTok,5
360,Шейдер,19,7381,12090,3,9,18,18,2,285,,BlueSky,9
361,Рендер,4925,10447,13333,5,5,5,10,1,230,,VKontakte,4
362,Виртуальность,2450,7389,11580,5,5,5,15,1,321,,Instagram,12
363,Реальность,1360,3815,7271,2,2,4,8,4,291,,ArtStation,10
364,Матрица,830,3817,9431,0,0,0,0,2,316,,Instagram,3
365,Кибер,3560,6244,7305,0,0,0,0,0,94,,ArtStation,12
366,Панк,840,7762,10605,0,0,0,0,1,20,,Instagram,10
367,Стимпанк,4283,10906,16887,4,4,8,8,2,330,,ArtStation,8
368,Биопанк,920,7840,16571,3,6,18,18,2,84,,Instagram,9
369,Нано,90,7271,8697,0,0,0,0,1,53,,DeviantArt,8
370,Робот,500,5342,8964,3,6,18,18,1,182,,Instagram,6
371,Андроид,4970,7383,14158,2,4,8,8,2,64,,Instagram,4
372,Киборг,2260,4408,11648,1,3,6,6,4,247,,TikTok,10
373,Искусственный Интеллект,110,7690,11655,1,2,2,2,2,228,,DeviantArt,1
374,Нейросеть,1280,10055,11931,5,10,20,60,1,144,,Instagram,11
375,Квант,4580,10527,16363,0,0,0,0,1,187,,Instagram,12
376,Энергия,240,8443,11462,5,15,15,15,2,20,,TikTok,6
377,Материя,2310,7520,10720,1,1,3,3,4,325,,ArtStation,6
378,Темная Материя,390,4192,10658,3,9,18,36,3,135,,Instagram,4
379,Темная Энергия,4730,9022,10878,0,0,0,0,4,170,,DeviantArt,11
380,Гравитация,21,8189,10870,5,10,10,20,3,150,,Instagram,9
381,Магнетизм,4920,9149,11183,4,8,16,48,0,86,,TikTok,9
382,Электричество,2460,4327,5549,4,8,16,32,0,66,,Instagram,10
383,Свет,1370,8546,11239,1,2,2,2,3,56,,DeviantArt,0
384,Звук,840,6166,10916,5,10,20,40,1,57,,Instagram,5
385,Частота,3570,9946,12434,0,0,0,0,1,27,,TikTok,1
386,Волна,830,7747,9171,2,6,6,6,0,278,,Instagram,1
387,Амплитуда,4293,10115,18069,2,2,2,2,4,335,,ArtStation,1
388,Период,930,5491,8186,0,0,0,0,2,196,,TikTok,9
389,Фаза,95,6560,13238,5,15,15,45,5,70,,DeviantArt,11
390,Орбита,510,9424,16406,0,0,0,0,1,108,,Instagram,8
391,Спутник,4975,8308,13447,2,4,8,24,5,166,,Instagram,10
392,Планета,2270,10921,15981,3,6,12,36,3,148,,TikTok,0
393,Звезда,115,6053,12710,0,0,0,0,0,312,,DeviantArt,7
394,Галактика,1290,7690,12339,2,6,18,18,3,261,,Instagram,5
395,Вселенная,4585,12990,14238,0,0,0,0,5,213,,Instagram,1
396,Космос,250,2967,11626,0,0,0,0,4,300,,TikTok,5
397,Вакуум,2320,3625,10984,2,6,18,18,2,117,,ArtStation,10
398,Горизонт Событий,395,5992,10477,1,3,6,18,4,347,,Instagram,9
399,Черная Дыра,4720,10494,18924,5,15,15,15,0,263,,DeviantArt,9
400,Пульсар,22,3626,5472,5,10,10,20,2,277,,Instagram,2
401,Квазар,4915,6949,15609,2,4,4,8,1,41,,TikTok,6
402,Туманность,2470,7059,9957,2,2,6,6,5,359,,Instagram,0
403,Сверхновая,1380,10112,13343,2,2,6,18,0,162,,DeviantArt,0
404,Белый Карлик,850,7446,13558,0,0,0,0,0,59,,Instagram,4
405,Красный Гигант,3580,8076,10752,4,8,8,24,5,122,,TikTok,2
406,Млечный Путь,820,8815,10818,0,0,0,0,2,343,,Instagram,2
407,Астроном,4303,5422,13592,0,0,0,0,2,24,,ArtStation,5
408,Физик,940,6825,12572,2,4,12,36,4,169,,TikTok,12
409,Химик,100,6907,11623,1,3,6,6,1,262,,DeviantArt,12
410,Биолог,520,3063,9703,2,6,6,18,5,23,,Instagram,11
411,Математик,4980,13604,15415,2,2,2,2,3,79,,Instagram,9
412,Программист,2280,7617,14736,1,3,3,3,3,204,,TikTok,8
413,Инженер,120,2030,4917,5,15,45,45,3,208,"доплата сложный дизайн, фон",DeviantArt,5
414,Конструктор,1300,6658,8962,3,9,27,27,3,36,,Instagram,7
415,Изобретатель,4590,10425,15662,0,0,0,0,0,322,,Instagram,10
416,Аналитик,260,8868,11939,0,0,0,0,4,146,,TikTok,5
417,Логик,2330,3359,5538,4,4,8,16,1,248,,ArtStation,5
418,Философ,400,6661,8023,4,12,36,36,4,135,,Instagram,9
419,Теоретик,4710,7105,9802,4,12,36,108,2,218,,DeviantArt,12
420,Практик,23,6331,12558,3,3,9,27,4,144,,Instagram,7
421,Эмпирик,4910,9506,15399,1,1,3,3,3,51,,TikTok,6
422,Доктор,2480,9754,13053,0,0,0,0,5,40,,Instagram,7
423,Профессор,1390,4091,8593,4,8,16,16,0,223,,DeviantArt,1
424,Академик,860,3754,9247,5,15,15,15,4,78,,Instagram,2
425,Лауреат,3590,8618,13265,0,0,0,0,5,207,,TikTok,2
426,Нобель,810,9357,12752,1,2,2,2,1,317,,Instagram,11
427,Эйнштейн,4313,11330,17907,2,2,4,8,4,135,,ArtStation,7
428,Вера,950,4082,8897,3,3,6,18,1,150,,TikTok,2
429,Надежда,105,7369,14088,5,5,5,10,1,136,,DeviantArt,8
430,Любовь,530,4781,7881,3,3,3,3,3,52,,Instagram,4
431,Свобода,4985,6463,10324,3,3,9,27,4,340,,Instagram,7
432,Равенство,2290,9749,15993,5,15,45,135,0,194,,TikTok,3
433,Братство,125,8792,12117,2,4,8,16,0,217,,DeviantArt,3
434,Мир,1310,3884,8393,4,8,16,16,1,177,,Instagram,9
435,Добро,4595,6946,12586,3,3,3,9,2,231,,Instagram,2
436,Зло,270,7484,12089,5,10,10,30,4,86,,TikTok,1
437,Жизнь,2340,4315,10838,5,10,30,90,5,56,,ArtStation,8
438,Смерть,405,3159,5892,4,12,12,12,1,193,,Instagram,3
439,Время,4700,8742,12857,5,5,5,10,0,128,,DeviantArt,4
440,Вечность,24,4739,13372,3,6,18,36,5,185,,Instagram,10
441,Бесконечность,4905,6095,11783,3,3,6,18,3,344,,TikTok,1
442,Начало,2490,7641,15217,3,6,12,12,0,290,,Instagram,9
443,Конец,1400,4151,11101,0,0,0,0,4,87,,DeviantArt,5
444,Судьба,870,2169,3281,5,5,15,45,0,216,,Instagram,11
445,Карма,3600,12429,17597,3,9,9,18,2,113,,TikTok,8
446,Удача,800,2517,4336,4,4,12,12,4,253,,Instagram,12
447,Счастье,4323,12588,20819,0,0,0,0,0,288,,ArtStation,4
448,Радость,960,3886,10526,2,4,12,24,1,181,,TikTok,10
449,Горе,110,7812,14274,3,3,9,9,0,233,,DeviantArt,0
450,Печаль,540,6275,11848,5,15,15,15,0,235,,Instagram,4
451,Грусть,4990,8291,12515,2,2,4,4,4,358,,Instagram,9
452,Тоска,2300,5913,7749,1,3,9,18,3,88,,TikTok,4
453,Скука,130,7551,10931,4,8,24,48,0,87,,DeviantArt,5
454,Страх,1320,4892,13368,5,15,30,90,3,51,,Instagram,4
455,Ужас,4600,7530,12043,5,5,5,5,4,169,,Instagram,0
456,Злость,280,6227,13607,4,12,12,12,2,212,,TikTok,9
457,Гнев,2350,3396,11366,5,10,30,30,0,92,,ArtStation,12
458,Ярость,410,7643,13865,3,9,27,81,3,349,,Instagram,10
459,Обида,4690,6667,12197,5,10,10,20,5,121,,DeviantArt,1
460,Вина,26,1105,9053,0,0,0,0,5,128,доплата сложный дизайн,Instagram,11
461,Стыд,4900,11757,14283,3,9,9,27,2,186,доп персонаж дороже,TikTok,8
462,Гордость,2500,5320,12067,1,1,2,2,5,349,,Instagram,11
463,Зависть,1410,5375,7588,1,1,1,3,0,89,,DeviantArt,7
464,Жадность,880,2956,6172,5,10,20,60,5,134,,Instagram,3
465,Лень,3610,11513,18372,1,1,3,6,1,114,,TikTok,6
466,Обжорство,790,7392,13912,3,9,27,27,2,52,,Instagram,0
467,Похоть,4333,9347,11790,1,1,1,1,1,180,,ArtStation,4
468,Гордыня,970,9159,13427,1,2,4,8,4,342,,TikTok,12
469,Алчность,115,6221,14271,1,3,3,6,4,358,,DeviantArt,11
470,Уныние,550,1722,4545,2,2,4,12,4,215,,Instagram,10
471,Смех,4995,13256,19378,3,6,18,54,4,77,,Instagram,11
472,Улыбка,2310,7861,11169,0,0,0,0,5,356,,TikTok,6
473,Плач,135,1972,4214,3,6,18,36,4,90,,DeviantArt,4
474,Крик,1330,6623,14092,1,3,3,9,4,303,,Instagram,3
475,Шепот,4605,9357,17557,3,9,18,18,0,119,,Instagram,9
476,Тишина,290,6297,10624,1,2,2,4,2,236,,TikTok,12
477,Звук,2360,8829,13418,4,12,12,12,0,308,,ArtStation,3
478,Цвет,415,4720,6064,4,4,4,8,5,71,,Instagram,4
479,Форма,4680,12049,14701,3,3,9,27,4,138,,DeviantArt,4
480,Размер,27,2246,6608,4,12,12,12,2,219,,Instagram,0
481,Вес,4895,7028,9330,2,6,18,18,0,342,,TikTok,7
482,Скорость,2510,8081,9352,1,1,1,1,3,24,,Instagram,2
483,Сила,1420,2678,9031,0,0,0,0,4,146,,DeviantArt,8
484,Слабость,890,6784,14046,3,9,9,9,4,216,,Instagram,7
485,Мысль,3620,11562,20372,3,3,3,9,2,133,,TikTok,5
486,Идея,780,6028,11088,4,12,24,24,3,103,,Instagram,6
487,Концепция,4343,9702,17674,1,2,2,6,2,133,,ArtStation,10
488,Теория,980,5904,12282,3,6,18,18,2,198,,TikTok,3
489,Гипотеза,120,7265,15627,2,6,18,18,1,205,,DeviantArt,8
490,Факт,560,7287,8565,5,10,30,90,3,271,,Instagram,8
491,Ложь,5000,9989,15491,4,12,12,12,4,331,,Instagram,12
492,Правда,2320,6750,12103,1,3,3,3,1,210,,TikTok,11
493,Истина,140,3409,7390,3,6,6,6,4,192,,DeviantArt,3
494,Ошибка,1340,2777,7907,4,12,36,36,0,210,,Instagram,10
495,Успех,4610,7722,14413,0,0,0,0,4,292,,Instagram,3
496,Провал,300,2419,7597,4,8,16,48,2,350,,TikTok,2
497,Победа,2370,11350,16828,5,5,15,45,0,10,,ArtStation,10
498,Поражение,420,1656,4620,3,9,27,54,5,104,,Instagram,5
499,Награда,4670,12447,18034,3,3,9,9,4,265,,DeviantArt,5
500,Наказание,28,6138,13121,4,8,24,72,1,241,,Instagram,3
501,Цель,4890,6339,8676,1,3,6,18,1,295,,TikTok,0
502,Средство,2520,8998,12346,2,6,12,24,0,288,,Instagram,3
503,Путь,1430,2759,6414,3,3,9,18,0,258,,DeviantArt,8
504,Дорога,900,2162,9639,1,1,2,6,5,290,,Instagram,8
505,Перекресток,3630,5909,12482,4,8,8,16,2,117,,TikTok,12
506,Выбор,770,5644,11864,5,5,5,5,5,283,,Instagram,10
507,Решение,4353,11793,15093,4,4,4,4,4,109,,ArtStation,8
508,Действие,990,5304,7079,0,0,0,0,2,269,,TikTok,1
509,Бездействие,125,2613,5858,5,15,45,90,3,202,,DeviantArt,7
510,Движение,570,4194,9769,5,15,15,30,4,59,,Instagram,7
511,Покой,4980,9528,14898,4,8,16,32,4,359,,Instagram,7
512,Баланс,2330,4831,9129,5,10,10,20,5,49,,TikTok,4
513,Гармония,145,6037,13180,4,4,8,8,3,278,,DeviantArt,4
514,Хаос,1350,6179,13415,1,2,4,4,5,313,,Instagram,8
515,Порядок,4615,9889,16043,0,0,0,0,4,182,,Instagram,0
516,Смысл,310,5408,10136,0,0,0,0,1,315,,TikTok,5
517,Бессмыслица,2380,9552,10755,4,12,36,108,1,286,,ArtStation,1
518,Причина,425,6462,14107,3,6,12,36,3,265,,Instagram,12
519,Следствие,4660,7094,12667,0,0,0,0,4,340,,DeviantArt,9
520,Случайность,29,4231,12736,2,6,6,18,1,168,,Instagram,5
521,Закономерность,4885,11079,16647,3,3,6,6,1,184,,TikTok,3
522,Исключение,2530,10380,16646,2,4,12,12,5,162,,Instagram,6
523,Правило,1440,3153,5861,5,5,5,15,2,244,,DeviantArt,10
524,Закон,910,5243,11329,4,4,4,8,0,138,,Instagram,3
525,Справедливость,3640,7292,15022,1,3,6,6,0,243,,TikTok,4
526,Милосердие,760,7579,12626,2,4,12,24,0,360,,Instagram,9
527,Прощение,4363,7004,10520,2,2,4,8,1,129,,ArtStation,12
528,Яблоко,1000,8830,17059,1,3,3,9,0,183,,TikTok,0
529,Груша,130,5003,11072,2,2,6,6,3,17,,DeviantArt,2
530,Апельсин,580,5022,12564,2,4,12,12,1,210,,Instagram,5
531,Лимон,4960,6415,12934,2,2,6,12,3,71,,Instagram,4
532,Банан,2340,9063,16838,0,0,0,0,0,352,,TikTok,9
533,Вишня,150,2760,7894,5,10,10,20,5,239,,DeviantArt,12
534,Черешня,1360,5249,8903,4,8,8,8,2,23,,Instagram,3
535,Клубника,4620,12130,17584,2,6,18,36,3,191,,Instagram,11
536,Малина,320,8058,10040,0,0,0,0,1,108,,TikTok,8
537,Ежевика,2390,6320,9643,1,3,9,27,0,269,,ArtStation,8
538,Смородина,430,3592,9222,0,0,0,0,4,221,,Instagram,3
539,Крыжовник,4650,5963,11279,5,15,15,30,5,158,,DeviantArt,8
540,Арбуз,31,1264,2398,5,5,15,15,3,184,,Instagram,2
541,Дыня,4880,7674,15916,5,10,20,40,5,36,,TikTok,12
542,Тыква,2540,9242,12014,5,10,10,10,0,163,,Instagram,8
543,Огурец,1450,6346,8247,4,4,12,36,5,181,,DeviantArt,0
544,Помидор,920,2289,5518,0,0,0,0,5,325,,Instagram,1
545,Картошка,3650,6340,12122,1,2,2,2,5,175,,TikTok,1
546,Морковка,750,3782,6289,1,3,6,6,3,341,,DeviantArt,2
547,Капуста,4373,12458,21417,5,5,5,15,2,53,,Tumblr,11
548,Лук,1010,2471,9241,5,15,30,60,5,337,,Instagram,1
549,Чеснок,135,2834,6902,0,0,0,0,1,332,,Instagram,2
550,Хлеб,590,6451,10261,3,6,18,36,4,247,,TikTok,5
551,Булка,4940,10347,13511,2,2,4,4,3,13,,DeviantArt,11
552,Батон,2350,3780,11979,0,0,0,0,0,23,,Instagram,0
553,Печенье,155,3757,8482,5,15,30,90,1,258,,ArtStation,12
554,Конфета,1370,7474,13106,1,2,4,8,2,117,,DeviantArt,9
555,Шоколад,4625,12347,20033,3,9,18,18,3,113,,Instagram,8
556,Мороженое,330,5811,9089,0,0,0,0,5,272,,Instagram,6
557,Торт,2400,10586,16083,0,0,0,0,3,251,,Tumblr,0
558,Пирог,435,9083,12917,1,3,6,18,2,245,,TikTok,3
559,Каша,4640,12957,14650,1,3,9,18,0,109,,Instagram,11
560,Суп,32,1567,4289,4,8,16,16,1,124,,TikTok,6
561,Мясо,4875,6491,12558,4,8,16,16,5,319,,DeviantArt,5
562,Рыба,2550,8759,16067,4,4,4,8,3,134,,Instagram,11
563,Яйцо,1460,2534,8738,3,3,3,6,1,79,,ArtStation,5
564,Молоко,930,4620,10262,3,3,6,6,2,347,,DeviantArt,0
565,Сыр,3660,7464,16451,4,8,16,32,5,363,,TikTok,5
566,Масло,740,6238,13532,1,1,1,1,3,284,,DeviantArt,9
567,Вода,4383,8848,12636,5,15,30,60,2,149,,Tumblr,12
568,Чай,1020,9910,15790,3,6,6,6,0,314,,Instagram,10
569,Кофе,140,6042,10009,4,12,36,108,1,327,,ArtStation,6
570,Сок,600,4528,8122,2,4,8,24,4,298,,TikTok,8
571,Лимонад,4920,12421,17557,4,12,36,72,5,73,,DeviantArt,5
572,Пиво,2360,7556,11623,5,15,45,90,2,87,,Instagram,3
573,Вино,160,1769,10102,1,2,2,2,4,38,,ArtStation,6
574,Водка,1380,7850,11056,4,8,8,8,4,100,,DeviantArt,10
575,Коньяк,4630,11026,14202,5,10,10,30,0,12,,Instagram,5
576,Шампанское,340,3851,10080,2,6,18,36,1,222,,TikTok,9
577,Коктейль,2410,11119,12380,2,6,18,36,2,352,,Tumblr,0
578,Геймер,440,4238,5319,2,4,12,24,3,274,,Instagram,0
579,Стример,4630,8240,11605,0,0,0,0,3,118,,ArtStation,5
580,Задрот,33,7295,11346,3,3,3,3,4,334,,TikTok,11
581,Кит,4870,8128,10653,3,3,3,3,5,88,,DeviantArt,3
582,Нуб,2560,11264,12336,3,6,18,18,0,72,,Instagram,12
583,Про,1470,3495,6496,1,3,9,27,4,277,,ArtStation,4
584,Читер,940,6479,14879,1,3,6,6,5,232,,DeviantArt,10
585,Хакер,3670,5810,13552,4,8,16,16,1,51,,TikTok,10
586,Модер,730,8538,10307,2,4,4,4,1,179,,DeviantArt,6
587,Админ,4393,10828,19634,2,2,6,6,5,10,,Tumblr,2
588,ГМ (Гейм-мастер),1030,3389,5844,4,12,12,36,0,37,,Instagram,3
589,Клан,145,1298,3019,0,0,0,0,4,44,,Instagram,0
590,Гильдия,610,6561,11370,5,10,20,40,5,62,,TikTok,1
591,Пати,4900,7037,9799,2,2,4,4,0,106,,DeviantArt,7
592,Рейд,2370,4529,6372,2,2,4,8,0,52,,Instagram,5
593,Данж,165,1781,7117,2,4,12,36,1,87,,ArtStation,1
594,Квест,1390,6581,12954,2,2,6,12,5,107,,DeviantArt,10
595,Босс,4635,12941,20071,4,8,16,16,0,105,,Instagram,5
596,Моб,350,7698,16068,3,6,18,54,3,224,,TikTok,2
597,НПС,2420,4848,10222,0,0,0,0,1,146,,Tumblr,3
598,ПвП,445,1598,7578,2,4,12,36,0,180,,Instagram,11
599,ПвЕ,4620,6577,11292,3,6,12,36,5,15,,ArtStation,11
600,РПГ,34,7701,9210,5,10,30,60,4,318,,TikTok,11
601,ММО,4865,9689,16885,2,2,2,6,2,103,,DeviantArt,9
602,ФПС,2570,11142,17442,5,15,15,45,3,335,,Instagram,7
603,Стратег,1480,10183,18174,5,10,10,10,3,64,,ArtStation,10
604,Тактик,950,6259,9804,5,5,10,30,2,51,,DeviantArt,9
605,Шутер,3680,9226,17775,1,2,6,18,5,42,,TikTok,10
606,Гонщик,720,1868,9473,3,9,18,54,5,194,,DeviantArt,12
607,Казик,4403,11514,19799,1,1,2,4,3,56,,Tumblr,4
608,Покер,1040,5250,13484,2,6,12,36,3,173,,Instagram,10
609,Рулетка,150,9067,12810,0,0,0,0,5,91,,Instagram,9
610,Блэкджек,620,5092,13700,4,8,8,8,3,224,,TikTok,0
611,Шахматы,4880,11269,13520,3,6,6,12,5,179,,DeviantArt,5
612,Шашки,2380,6961,10146,1,1,3,6,1,137,,Instagram,5
613,Карты,170,5475,11922,3,6,12,36,0,189,,ArtStation,2
614,Кубики,1400,7898,11722,4,8,16,32,3,135,,DeviantArt,8
615,Домино,4640,8876,11885,2,6,18,54,1,42,,Instagram,12
616,Лото,360,9107,11720,4,4,12,36,0,223,,Instagram,9
617,Кроссворд,2430,5186,11872,0,0,0,0,3,314,,Twitter,5
618,Судоку,450,8678,12886,0,0,0,0,2,362,,TikTok,7
619,Ребус,4610,5683,7462,1,3,6,6,4,28,,ArtStation,0
620,Загадка,36,5546,9408,3,9,18,36,4,27,,Instagram,12
621,Анекдот,4860,12874,14059,2,2,6,6,3,272,,TikTok,3
622,Шутка,2580,6069,8786,2,2,2,2,3,47,второй персонаж бесплатно,Instagram,4
623,Мем,1490,8024,12583,5,15,45,135,5,331,,ArtStation,8
624,Прикол,960,2687,10860,1,1,1,2,0,57,,Twitter,6
625,Угар,3690,8671,12729,3,6,6,6,5,30,,Instagram,2
626,Смешно,710,8043,15642,0,0,0,0,3,78,,TikTok,5
627,Кринж,4413,12332,19645,5,15,30,60,3,335,,ArtStation,2
628,Без Имени,1050,4512,11865,0,0,0,0,4,209,,Instagram,6
629,Неизвестный,155,8791,17636,2,2,6,12,3,87,,Tumblr,12
630,Секретный,630,7972,13498,0,0,0,0,5,186,,Twitter,12
631,Загадочный,4860,7397,11738,4,12,12,24,0,365,,ArtStation,1
632,Мистический,2390,9448,15010,2,4,4,4,0,256,,Instagram,0
633,Фантастический,175,4845,6142,4,8,16,16,0,320,,TikTok,9
634,Реалистичный,1410,4669,7087,3,9,18,54,3,36,,Instagram,2
635,Абсурдный,4645,6789,14740,3,9,18,36,4,97,,Twitter,11
636,Ироничный,370,6983,14149,0,0,0,0,3,313,доплата сложный дизайн,Instagram,12
637,Саркастичный,2440,6114,8946,4,12,12,24,1,246,доп персонаж дороже,ArtStation,5
638,Циничный,455,8090,9683,5,10,20,20,5,165,,TikTok,10
639,Философский,4600,10987,12230,4,12,36,72,1,84,,Instagram,0
640,Поэтичный,37,6897,8506,2,2,4,12,5,60,,ArtStation,8
641,Лиричный,4855,12242,17638,3,3,9,27,5,58,,Instagram,12
642,Трагичный,2590,6350,11433,4,8,16,16,1,74,,TikTok,7
643,Комичный,1500,2532,8308,2,4,8,16,5,16,,ArtStation,10
644,Веселый,970,2031,4585,2,6,6,6,3,184,,Twitter,10
645,Грустный,3700,7279,10866,4,8,24,72,4,120,,Instagram,7
646,Злой,700,5706,13993,5,10,30,60,0,286,,Tumblr,10
647,Добрый,4423,6296,12334,3,9,27,27,4,155,,Twitter,4
648,Скучный,1060,9626,16610,4,8,24,48,0,74,,Instagram,0
649,Интересный,160,7559,10720,3,9,27,27,5,122,,ArtStation,12
650,Умный,640,4352,9162,4,4,8,24,5,55,,TikTok,5
651,Глупый,4840,9440,14607,0,0,0,0,4,226,,Instagram,1
652,Красивый,2400,8187,10967,5,5,15,45,2,275,,Twitter,12
653,Уродливый,180,2644,9294,1,1,1,3,4,187,,ArtStation,7
654,Сильный,1420,3557,6737,2,2,6,12,0,191,,Instagram,6
655,Слабый,4650,11213,18182,5,10,10,20,2,257,,TikTok,4
656,Быстрый,380,8254,14512,3,3,9,9,0,275,,Instagram,2
657,Медленный,2450,7284,9895,2,4,4,8,0,64,,ArtStation,6
658,Большой,460,2970,7260,5,5,15,30,3,110,,Twitter,9
659,Маленький,4590,10816,15123,5,10,20,20,3,304,,Instagram,7
660,Высокий,38,2028,4443,3,9,9,27,3,25,,TikTok,2
661,Низкий,4850,13751,16891,3,9,27,54,4,323,,ArtStation,10
662,Толстый,2600,8671,14464,0,0,0,0,2,27,,Instagram,9
663,Тонкий,1510,5758,12832,3,3,9,18,5,82,,Tumblr,11
664,Молодой,980,2082,8232,3,6,18,54,5,54,,Twitter,11
665,Старый,3710,8280,16820,0,0,0,0,2,36,,TikTok,12
666,Новый,690,4745,8047,1,3,3,9,4,36,,Instagram,9
667,Старый,4433,10945,15385,3,3,3,9,1,58,,ArtStation,3
668,Левый,1070,4409,10881,1,2,6,18,1,112,,Twitter,8
669,Правый,165,3755,8425,2,6,12,36,3,295,,Instagram,11
670,Верхний,650,5525,13673,1,1,2,2,2,142,,TikTok,2
671,Нижний,4820,12862,18614,4,4,8,8,4,359,,ArtStation,11
672,Северный,2410,4875,6604,5,10,20,20,5,348,,Instagram,9
673,Южный,185,7808,13087,0,0,0,0,5,189,,Twitter,11
674,Восточный,1430,4792,6336,5,10,30,60,3,102,,ArtStation,10
675,Западный,4655,10319,16709,5,15,30,60,2,18,,Instagram,10
676,Первый,390,8054,10184,1,1,3,3,5,303,,TikTok,9
677,Последний,2460,6143,8856,4,4,8,8,2,251,,ArtStation,11
678,Единственный,465,4168,11616,5,10,30,30,0,60,,Twitter,3
679,Множественный,4580,10939,18060,4,12,24,24,5,166,,Instagram,3
680,Целый,39,7853,14216,4,12,36,108,5,150,,Tumblr,10
681,Частный,4845,12682,18380,4,12,12,12,0,206,,Twitter,6
682,Общий,2610,8435,11403,5,10,30,90,1,357,,TikTok,10
683,Специальный,1520,9183,15068,4,8,24,24,0,293,,Instagram,9
684,Обычный,990,5604,13451,2,2,6,12,0,35,,ArtStation,5
685,Уникальный,3720,11239,13724,3,3,3,6,1,150,,Twitter,7
686,Редкий,680,7945,12080,3,9,18,36,4,58,,Instagram,7
687,Частый,4443,6546,10237,3,6,12,36,2,124,,TikTok,0
688,Легкий,1080,9434,14620,5,15,30,30,1,110,,VKontakte,5
689,Тяжелый,170,8807,12262,4,4,4,4,1,265,,VKontakte,1
690,Мягкий,660,7816,13709,0,0,0,0,3,162,,VKontakte,10
691,Твердый,4800,12324,13537,3,3,9,18,4,99,,VKontakte,6
692,Жидкий,2420,10256,14889,5,5,10,10,2,37,,VKontakte,5
693,Газообразный,190,3780,5119,2,6,18,54,2,29,,VKontakte,8
694,Горячий,1440,7196,13830,1,1,2,4,0,199,,VKontakte,6
695,Холодный,4660,9973,15860,4,4,8,24,2,112,,VKontakte,1
696,Теплый,400,8297,14179,2,6,12,36,1,361,,VKontakte,12
697,Прохладный,2470,7106,10662,3,6,6,18,1,204,,VKontakte,8
698,Светлый,470,8523,13706,3,9,9,9,1,191,,VKontakte,9
699,Темный,4570,11475,16221,0,0,0,0,0,359,,VKontakte,12
700,Яркий,41,2210,6489,3,3,9,18,3,199,,VKontakte,9
701,Бледный,4840,10332,18057,3,9,27,54,1,221,,VKontakte,6
702,Громкий,2620,9878,15910,0,0,0,0,1,342,,VKontakte,2
703,Тихий,1530,3093,9039,3,9,27,54,3,166,,VKontakte,2
704,Чистый,1000,8156,10693,2,4,4,8,0,98,,VKontakte,8
705,Грязный,3730,6605,10827,3,9,18,54,1,160,,VKontakte,8
706,Мокрый,670,4274,7043,5,5,10,30,4,270,,VKontakte,5
707,Сухой,4453,5819,9665,5,10,20,60,1,118,,VKontakte,1
708,Полный,1090,3512,10808,5,5,15,15,5,11,,VKontakte,1
709,Пустой,175,4819,11561,2,6,18,36,0,42,,VKontakte,8
710,Открытый,670,2331,8343,0,0,0,0,0,72,,VKontakte,12
711,Закрытый,4780,13173,19906,2,2,6,12,0,168,,VKontakte,11
712,Свободный,2430,11048,17428,4,12,24,24,5,121,,VKontakte,0
713,Занятый,195,8676,13803,4,12,24,72,3,335,,VKontakte,5
714,Дешевый,1450,2923,11723,4,8,8,8,5,98,,VKontakte,0
715,Дорогой,4665,9212,11926,3,6,18,18,4,23,,VKontakte,0
716,Простой,410,6652,12030,4,4,8,16,2,150,,VKontakte,6
717,Сложный,2480,9056,13363,0,0,0,0,2,302,,VKontakte,6
718,Полезный,475,7596,10882,4,8,8,16,5,106,,VKontakte,3
719,Вредный,4560,10611,18603,3,3,3,6,3,47,,VKontakte,7
720,Важный,42,1586,4738,0,0,0,0,0,32,,VKontakte,7
721,Неважный,4835,10344,17356,3,3,6,6,3,131,,VKontakte,2
722,Нужный,2630,7525,9212,0,0,0,0,3,313,,VKontakte,7
723,Ненужный,1540,10084,16770,1,1,1,2,5,233,,VKontakte,2
724,Активный,1010,2615,3766,0,0,0,0,2,343,,VKontakte,1
725,Пассивный,3740,10279,14259,2,2,4,12,0,128,,VKontakte,5
726,Быстрый,660,8756,16598,3,9,18,54,1,25,,VKontakte,2
727,Медленный,4463,7298,11869,2,6,12,12,2,179,,VKontakte,7
728,Точный,1100,9704,12631,4,8,24,48,1,358,,VKontakte,11
729,Приблизительный,180,5961,7686,4,8,8,8,2,193,,VKontakte,9
730,Верный,680,3190,4550,5,5,15,15,4,91,,VKontakte,10
731,Ошибочный,4760,10537,15056,4,4,4,4,5,139,,VKontakte,2
732,Законный,2440,9929,13913,3,3,6,12,4,79,,VKontakte,7
733,Незаконный,200,2444,6916,2,2,2,2,3,54,,VKontakte,5
734,Реальный,1460,5450,7698,3,9,9,18,0,128,,VKontakte,8
735,Вымышленный,4670,5975,11135,3,3,6,12,2,334,,VKontakte,6
736,Существующий,420,6107,12228,5,15,45,45,2,55,,VKontakte,4
737,Несуществующий,2490,10955,12665,0,0,0,0,4,290,,VKontakte,12
738,Фактический,480,1550,5517,1,2,4,8,1,319,,VKontakte,2
739,Потенциальный,4550,12179,18380,2,4,12,36,2,243,,VKontakte,1
740,Возможный,43,8253,10915,5,5,15,15,5,320,,VKontakte,2
741,Невозможный,4830,12321,16191,1,2,6,12,5,261,,VKontakte,1
742,Вероятный,2640,8071,13415,5,10,30,90,2,294,,VKontakte,7
743,Невероятный,1550,3204,5251,2,4,8,24,2,236,,VKontakte,6
744,Известный,1020,9447,16960,0,0,0,0,0,205,,VKontakte,6
745,Неизвестный,3750,6951,14921,5,10,20,40,4,329,,VKontakte,0
746,Популярный,650,3698,12037,1,1,1,1,0,134,,VKontakte,0
747,Непопулярный,4473,9587,13393,4,12,36,36,4,231,,VKontakte,2
748,Модный,1110,5118,10808,4,8,16,48,1,169,,VKontakte,2
749,Немодный,185,8671,15276,5,15,30,90,2,41,,VKontakte,10
750,Актуальный,690,1906,9452,3,3,9,27,1,258,,VKontakte,5
751,Устаревший,4740,9255,17716,5,10,10,10,3,271,,VKontakte,5
752,Современный,2450,7410,9440,4,4,12,24,0,258,,VKontakte,7
753,Древний,205,7755,9302,4,12,12,24,1,78,,VKontakte,9
754,Будущий,1470,2651,9138,0,0,0,0,4,362,,VKontakte,5
755,Прошлый,4675,7567,12506,5,5,15,45,0,182,,VKontakte,9
756,Настоящий,430,2801,4806,5,15,15,15,2,320,,VKontakte,6
757,Успешный,2500,9112,16312,5,10,30,30,2,26,,VKontakte,7
758,Неуспешный,485,9448,12538,5,15,45,45,4,74,,VKontakte,0
759,Богатый,4540,6030,8027,2,6,6,18,3,233,,VKontakte,6
760,Бедный,44,8502,14593,5,5,10,10,2,296,,VKontakte,10
761,Счастливый,4825,8364,13919,2,2,2,4,3,108,,VKontakte,8
762,Несчастливый,2650,10632,15037,4,4,12,36,0,19,,VKontakte,7
763,Здоровый,1560,5446,7735,4,8,8,24,0,184,,VKontakte,3
764,Больной,1030,9680,18579,1,2,4,8,0,333,,VKontakte,6
765,Живой,3760,9211,16039,5,5,10,10,1,234,,VKontakte,9
766,Мертвый,640,5122,7604,4,8,24,48,3,359,,VKontakte,3
767,Спящий,4483,12163,18845,3,3,9,9,4,166,,VKontakte,12
768,Бодрствующий,1120,10075,16358,4,4,8,24,3,134,,VKontakte,9
769,Голодный,190,8289,11053,5,10,10,20,5,59,,VKontakte,10
770,Сытый,700,4938,10413,3,3,6,12,4,297,,VKontakte,2
771,Жаждущий,4720,12510,21339,3,9,9,27,0,141,,VKontakte,12
772,Выпивший,2460,6945,14841,4,8,24,72,2,300,,VKontakte,3
773,Уставший,210,2031,10741,4,12,36,36,0,295,,VKontakte,8
774,Отдохнувший,1480,8404,14822,4,12,24,24,4,201,,VKontakte,0
775,Занятой,4680,13171,17365,5,15,30,60,2,309,,VKontakte,11
776,Свободный,440,6453,11614,1,3,9,9,2,362,,VKontakte,8
777,Женатый,2510,4660,12477,4,12,24,48,4,108,,VKontakte,12
778,Холостой,490,5040,7777,3,9,18,36,4,257,,VKontakte,3
779,Мужчина,4530,13280,15472,4,4,4,8,2,200,,VKontakte,6
780,Женщина,46,8641,12055,3,3,6,12,2,173,,VKontakte,2
781,Парень,4820,7444,11824,1,3,9,9,1,82,,VKontakte,0
782,Девушка,2660,9367,13847,2,4,12,24,2,334,,VKontakte,4
783,Мальчик,1570,8581,15356,3,6,6,18,5,101,,VKontakte,1
784,Девочка,1040,2793,10736,3,3,6,6,0,236,,VKontakte,11
785,Ребенок,3770,8926,11986,3,9,27,81,4,164,,VKontakte,4
786,Взрослый,630,8555,12882,3,6,18,54,3,233,,VKontakte,0
787,Старик,4493,7993,15750,5,10,30,30,0,210,,VKontakte,2
788,Старушка,1130,5555,14498,4,12,24,24,1,27,,VKontakte,2
789,Друг,195,3476,8342,4,12,36,72,2,137,,VKontakte,2
790,Враг,710,1989,9874,2,4,4,8,1,31,,VKontakte,12
791,Товарищ,4700,12924,15293,1,2,2,6,4,195,,VKontakte,5
792,Коллега,2470,6244,10126,4,4,4,12,4,200,,VKontakte,11
793,Начальник,215,8102,9167,4,12,24,72,3,341,,VKontakte,10
794,Подчиненный,1490,4940,11288,3,3,6,18,1,215,,VKontakte,2
795,Учитель,4685,11918,19886,0,0,0,0,1,237,,VKontakte,5
796,Ученик,450,1677,9235,0,0,0,0,3,46,,Telegram,11
797,Родитель,2520,4048,8831,2,2,2,6,3,326,,Telegram,6
798,Ребенок,495,6226,13770,4,4,4,8,3,126,,Telegram,7
799,Брат,4520,6875,11390,0,0,0,0,0,146,,Telegram,3
800,Сестра,47,1545,7655,1,3,6,6,3,192,,Telegram,7
801,Сын,4815,11008,13835,0,0,0,0,1,256,,Telegram,0
802,Дочь,2670,5778,11234,0,0,0,0,4,125,,Telegram,12
803,Дедушка,1580,6062,13489,2,6,12,12,0,361,,Telegram,1
804,Бабушка,1050,2110,9641,4,8,24,72,3,131,,Telegram,2
805,Внук,3780,6151,7564,0,0,0,0,4,192,,Telegram,10
806,Внучка,620,3917,10670,1,1,2,6,5,73,,Telegram,4
807,Дядя,4503,8122,9641,4,12,12,24,2,160,,Telegram,1
808,Тетя,1140,2627,10339,2,6,6,6,1,291,,Telegram,12
809,Племянник,200,4781,11494,1,2,6,6,2,179,,Telegram,12
810,Племянница,720,4447,5902,1,1,2,6,0,107,,Telegram,5
811,Кузен,4680,8990,10282,0,0,0,0,1,197,,Telegram,2
812,Кузина,2480,8763,12584,0,0,0,0,3,210,,Telegram,5
813,Сосед,220,4182,12957,3,6,6,6,2,325,,Telegram,0
814,Незнакомец,1500,4277,12035,4,4,8,8,0,222,,Telegram,12
815,Гость,4690,7347,8798,5,15,15,15,4,115,,Telegram,4
816,Хозяин,460,1689,3520,1,2,2,2,3,359,,Telegram,9
817,Рабочий,2530,6875,8034,4,8,24,48,1,339,,Telegram,10
818,Служащий,500,6624,12794,4,12,24,72,2,108,,Telegram,9
819,Бизнесмен,4510,7576,12077,5,10,30,60,5,88,,Telegram,3
820,Предприниматель,48,4085,6325,2,4,4,12,2,283,,Telegram,9
821,Фрилансер,4810,9001,17708,4,12,36,36,4,225,,Telegram,10
822,Самозанятый,2680,6586,8087,2,6,6,12,2,232,,Telegram,11
823,Безработный,1590,6536,10024,2,2,2,2,2,150,,Telegram,1
824,Пенсионер,1060,8017,15600,0,0,0,0,1,88,,Telegram,2
825,Студент,3790,4848,9019,5,10,10,30,2,147,,Telegram,2
826,Школьник,610,6069,10946,3,3,6,18,2,238,,Telegram,3
827,Путешественник,4513,8525,13883,4,4,8,16,0,318,,Telegram,1
828,Турист,1150,3425,4472,5,10,30,90,0,18,,Telegram,8
829,Альпинист,205,5974,13012,0,0,0,0,1,326,,Telegram,1
830,Дайвер,730,2432,6250,4,12,24,48,2,355,,Telegram,1
831,Серфер,4660,6110,14241,2,2,2,6,2,103,,Telegram,0
832,Скейтбордист,2490,5502,11043,3,6,18,18,2,183,,Telegram,3
833,Велосипедист,225,2419,9064,4,12,12,36,2,249,,Telegram,8
834,Бегун,1510,6350,8939,4,8,8,16,3,303,,Telegram,3
835,Пловец,4695,9776,14799,2,2,6,18,5,128,,Telegram,0
836,Лыжник,470,2323,5115,0,0,0,0,1,331,,Telegram,3
837,Сноубордист,2540,10130,14950,1,1,2,2,2,287,,Telegram,10
838,Фигурист,505,3338,10708,1,1,1,3,3,256,,Telegram,6
839,Футболист,4500,12317,17157,1,1,2,6,0,167,,Telegram,1
840,Баскетболист,49,6350,14960,4,4,4,8,0,227,,Telegram,2
841,Волейболист,4805,10475,17014,2,6,6,12,5,79,,Telegram,9
842,Хоккеист,2690,4894,6352,1,2,2,6,4,178,,Telegram,8
843,Теннисист,1600,5664,8086,2,4,8,16,5,168,,Telegram,8
844,Боксер,1070,8284,11427,5,5,10,10,5,166,,Telegram,0
845,Борец,3800,7935,16638,5,10,20,40,1,318,,Telegram,6
846,Каратист,600,5621,14213,2,2,2,6,3,134,,Telegram,10
847,Дзюдоист,4523,10896,16503,2,2,2,4,4,206,,Telegram,11
848,Айкидоист,1160,6507,14536,2,4,4,12,2,200,,Telegram,9
849,Кунгфуист,210,2282,5227,3,3,3,9,4,59,,Telegram,7
850,Шахматист,740,7247,12836,4,8,8,24,1,295,,Telegram,5
851,Шашист,4640,13143,15260,4,12,36,36,2,27,,Telegram,11
852,Покерист,2500,6711,8238,5,10,30,90,0,336,,Telegram,12
853,Гитарист,230,8964,15412,0,0,0,0,5,327,,Telegram,12
854,Басист,1520,6042,12980,5,15,15,30,3,66,,Telegram,5
855,Барабанщик,4700,7926,10929,5,10,30,60,2,273,,Telegram,7
856,Клавишник,480,1986,10307,3,9,18,18,5,277,,Telegram,9
857,Вокалист,2550,3924,8989,3,6,12,12,2,221,,Telegram,11
858,Певец,510,5758,13293,4,12,36,108,0,186,,Telegram,3
859,Музыкант,4490,12047,16710,4,8,24,72,0,348,,Telegram,1
860,Композитор,51,3639,11964,2,6,12,24,2,12,,Telegram,12
861,Поэт,4800,11219,14852,3,9,9,9,3,269,,Telegram,7
862,Писатель,2700,5415,9123,2,6,12,12,0,365,,Telegram,3
863,Журналист,1610,8340,13569,5,5,15,15,4,322,,Telegram,6
864,Репортер,1080,4931,11874,1,2,6,6,4,36,,Telegram,7
865,Актер,3810,10710,11856,4,12,36,72,4,314,,Telegram,4
866,Режиссер,590,7974,16746,4,4,4,8,0,225,,Telegram,7
867,Оператор,4533,5679,10661,5,5,5,10,1,277,,Telegram,1
868,Сценарист,1170,3817,5235,0,0,0,0,4,11,,Telegram,8
869,Художник,215,8417,11992,1,2,2,6,3,214,,Telegram,7
870,Скульптор,750,9578,15308,4,4,12,12,1,145,,Telegram,2
871,Архитектор,4620,12238,18942,1,3,3,3,3,42,,Telegram,9
872,Дизайнер,2510,9765,18197,3,3,9,18,1,48,,Telegram,4
873,Модельер,235,5570,7965,4,12,36,108,2,107,,Telegram,6
874,Парикмахер,1530,9148,17564,2,2,4,4,0,59,,Telegram,6
875,Стилист,4705,12348,14646,3,9,27,81,0,297,,Telegram,2
876,Визажист,490,8137,11026,5,5,5,5,4,83,,Telegram,11
877,Фотограф,2560,7074,13565,1,3,9,18,1,151,,Telegram,7
878,Повар,515,6340,7524,0,0,0,0,1,243,,Telegram,9
879,Кондитер,4480,7548,10262,4,4,4,8,5,193,,Telegram,8
880,Официант,52,1283,6109,3,3,9,18,2,42,,Telegram,5
881,Бармен,4795,8349,15249,0,0,0,0,1,137,,Telegram,9
882,Продавец,2710,10863,19337,1,2,2,4,0,120,,Telegram,3
883,Кассир,1620,7000,10145,1,3,3,3,5,290,,Telegram,11
884,Менеджер,1090,6538,15146,1,3,9,18,3,254,,Telegram,7
885,Директор,3820,5434,7375,0,0,0,0,1,339,,Telegram,7
886,Начальник,580,9086,13942,2,4,12,24,2,40,,Telegram,12
887,Босс,4543,9531,16205,4,8,16,16,0,138,,Telegram,5
888,Подчиненный,1180,4209,12349,1,3,6,18,3,360,,Telegram,11
889,Секретарь,220,1276,3876,2,4,8,16,4,31,,Telegram,2
890,Офисный Планктон,760,4645,10556,5,5,5,5,1,236,,Telegram,12
891,Работяга,4600,9879,18872,5,15,30,90,4,225,,Telegram,5
892,Курьер,2520,9472,11003,2,4,4,8,2,362,,Telegram,9
893,Таксист,240,6982,9567,0,0,0,0,4,280,,Telegram,11
894,Водитель,1540,10362,18442,2,2,2,6,2,222,каждому 100 заказчику арт бесплатно,Telegram,4
895,Пилот,4710,11511,18008,1,1,1,2,1,245,,Telegram,8
896,Капитан,500,7036,13712,4,4,4,12,2,350,,Telegram,12
897,Врач,2570,7344,9677,2,4,8,24,4,148,,Telegram,7
898,Медсестра,520,7630,15437,3,9,9,18,5,137,,Telegram,2
899,Санитар,4470,10341,16359,5,5,15,30,4,240,,Telegram,10
900,Пожарный,53,6901,8381,0,0,0,0,2,189,,Telegram,5
901,Полицейский,4790,10577,11848,0,0,0,0,0,139,,Telegram,10
902,Военный,2720,8186,14867,0,0,0,0,3,117,,Telegram,8
903,Священник,1630,6642,13289,4,12,36,72,1,134,,Telegram,4
904,Монах,1100,5610,12566,3,6,18,36,3,249,,Telegram,6
905,Юрист,3830,6885,8867,1,3,9,18,4,299,,Telegram,2
906,Адвокат,570,6318,10205,5,5,15,15,5,328,,Telegram,4
907,Судья,4553,12534,21083,1,1,1,3,4,230,,Telegram,8
908,PaletteKnife,1190,3404,5573,0,0,0,0,5,211,,Telegram,8
909,PaintBrush,225,3500,11002,3,3,9,18,4,22,,Telegram,9
910,CanvasDreamer,770,5524,7701,2,4,4,12,3,47,,Telegram,10
911,SketchYouTube,4580,10424,18788,0,0,0,0,0,174,,Telegram,6
912,ColorTheory,2530,6211,11257,5,10,30,30,1,11,,Telegram,5
913,ArtStroke,245,1831,4592,1,1,1,2,5,49,,Telegram,9
914,InkFlow,1550,8685,17405,0,0,0,0,3,105,,Telegram,12
915,GraphiteSoul,4715,9087,10808,0,0,0,0,4,165,,Telegram,5
916,ShadyYouTubes,510,7011,15284,0,0,0,0,2,194,,Telegram,12
917,HueMaster,2580,7006,8307,5,15,45,90,2,49,,Telegram,12
918,PigmentProse,525,2346,3872,2,4,8,8,4,11,,Telegram,11
919,VarnishVisions,4460,9668,16295,5,15,45,45,2,238,,Telegram,9
920,EaselArtist,54,2296,7363,2,2,4,8,3,42,,Telegram,11
921,CharcoalCharm,4785,6834,15506,1,3,3,9,5,218,,Telegram,6
922,VividPigment,2730,4125,11967,3,6,6,18,1,261,,Telegram,9
923,TheGradient,1640,7263,14135,4,12,24,48,1,332,,Telegram,0
924,PastelPrince,1110,6521,9844,3,3,9,9,5,114,,Telegram,3
925,ArtPixel,3840,8934,13449,2,2,6,6,0,11,,Telegram,8
926,VectorSketch,560,1750,4457,1,1,3,9,1,324,,Telegram,6
927,TheOutYouTube,4563,8868,13233,1,2,6,18,5,110,,Telegram,12
928,MoonlitCanvas,1200,6468,11135,3,6,6,12,4,314,,Telegram,5
929,StarryBrush,230,6504,14660,4,12,24,72,5,312,,Telegram,9
930,NightPalette,780,9229,13333,4,4,8,16,0,338,,Telegram,10
931,SleepingYouTubes,4560,10084,17281,3,6,12,36,1,88,,Telegram,4
932,AutumnSketch,2540,5782,6982,0,0,0,0,3,91,,Telegram,7
933,ColorMelody,250,1594,9171,2,4,12,36,0,303,,Telegram,10
934,WhisperCanvas,1560,3270,6674,3,6,12,24,1,335,,Telegram,7
935,RainOnCanvas,4720,9853,16303,4,12,24,24,3,331,,Telegram,2
936,SunsetPainter,520,4112,9341,4,12,24,48,1,157,,Telegram,10
937,OceanHues,2590,5284,12272,1,3,3,3,4,210,,Telegram,4
938,DreamWeaver,530,7182,9709,5,5,15,45,4,264,,Telegram,4
939,TheColorPoet,4450,11714,12936,0,0,0,0,2,175,,Telegram,4
940,WinterHues,56,6239,14251,2,4,4,8,2,83,,Telegram,12
941,CosmicCanvas,4780,13252,17026,1,1,3,3,2,249,,Telegram,3
942,ForestArtist,2740,11669,19760,0,0,0,0,4,320,,Telegram,3
943,VividDreamer,1650,5834,11849,2,6,12,12,1,248,,Telegram,2
944,CanvasHeart,1120,4794,7404,5,10,30,60,0,357,,Telegram,12
945,SoulPainter,3850,9716,15130,0,0,0,0,2,311,,Telegram,12
946,AuroraArtist,550,7696,13620,2,6,18,54,3,326,,Telegram,1
947,SilentSketch,4573,6276,11871,3,6,12,12,5,243,,Telegram,6
948,ShadowArtist,4933,12061,15191,1,2,2,4,1,123,,Telegram,5
949,MisterCanvas,260,1477,2512,1,1,1,1,5,325,,Telegram,0
950,SecretSketch,1570,5471,8248,4,12,36,36,2,356,,Telegram,8
951,InvisibleStroke,4725,9331,10945,2,4,8,24,2,53,,Telegram,4
952,ColorMystery,530,6512,10699,1,3,9,9,4,74,,Telegram,7
953,GhostBrush,2600,8439,15041,1,3,6,12,5,103,,Telegram,9
954,PigmentAlchemist,535,4435,12033,0,0,0,0,4,263,,Telegram,4
955,IllusionMaster,4440,11443,18190,0,0,0,0,0,15,,Telegram,1
956,DarkSketcher,57,6575,8759,2,2,2,4,2,234,,Telegram,1
957,GothicInk,4775,13768,17051,4,4,4,8,4,294,,Telegram,4
958,MagicPencil,2750,10243,14963,3,3,9,27,1,16,,Telegram,11
959,TheLostArtist,1660,6778,12543,1,2,4,8,0,191,,Telegram,6
960,VisionaryVoid,1130,8561,16538,1,1,1,1,3,355,,Telegram,3
961,CodeColor,3860,10026,11425,4,8,24,72,2,204,,Telegram,9
962,SleepingInk,540,4055,5430,2,2,6,18,4,116,,Telegram,9
963,MysticStroke,4583,13478,20427,4,12,24,48,5,187,,Telegram,12
964,EmptyPalette,4850,6604,9377,4,12,36,36,4,288,,Telegram,11
965,MindCanvas,270,2133,5504,3,3,3,9,1,298,,Telegram,9
966,EnigmaArt,1580,6761,15119,2,2,6,12,5,11,,Telegram,12
967,TheShade,4730,10692,18093,4,12,36,72,3,126,,Telegram,12
968,ArtChaos,540,1941,3579,3,9,18,18,0,155,,Telegram,4
969,PixelPirate,2610,5929,10393,5,15,30,90,4,195,,Telegram,1
970,ScribbleKing,540,5335,12614,2,6,12,24,3,269,,Telegram,0
971,WonkyYouTubes,4430,7302,15594,3,3,3,6,1,300,,Telegram,4
972,AccidentalArtist,58,7767,15454,5,15,15,30,2,166,,Telegram,0
973,ColorExplosion,4770,9872,17523,2,4,8,16,5,302,,Telegram,6
974,MasterOfBlots,2760,6173,8944,2,6,6,18,1,167,,Telegram,7
975,InkSpiller,1670,3822,8584,0,0,0,0,3,335,,Telegram,11
976,CtrlAltArt,1140,8017,9131,4,4,4,4,3,51,,Telegram,0
977,RandomStroke,3870,6179,8945,5,5,5,5,2,322,,Telegram,4
978,TheArtMess,530,8665,9749,0,0,0,0,1,283,,Telegram,11
979,CanvasKid,4593,10186,14314,4,12,12,36,1,154,,Telegram,2
980,SketchBoi,4770,9630,12048,3,6,12,12,2,334,,Telegram,11
981,YouTubeJunkie,280,2342,4521,2,6,12,36,1,125,,Telegram,2
982,ColorFreak,1590,4115,10049,4,4,4,4,1,25,,Telegram,0
983,DoodleGod,4735,13078,16347,1,2,6,6,2,101,,Telegram,9
984,NoPlanArt,550,8763,15473,4,8,16,16,4,70,,Telegram,12
985,TheCrafter,2620,7897,15419,1,3,3,6,5,267,,Telegram,12
986,BlobPainter,545,9290,15377,5,15,30,60,0,164,,Telegram,5
987,ArtAttack,4420,13174,14669,2,2,6,6,5,50,,Telegram,4
988,Arto,59,1655,7406,3,9,18,36,3,149,,Telegram,0
989,Sketchy,4765,7950,12575,2,2,4,8,3,259,доплата сложный дизайн,Telegram,6
990,Hue,2770,4051,11097,1,3,6,12,5,206,доп персонаж дороже,Telegram,8
991,Inkd,1680,3222,6111,2,2,2,6,0,119,,Telegram,8
992,Strokd,1150,2249,6623,0,0,0,0,3,239,,Telegram,3
993,Pixel,3880,11728,14294,5,15,45,135,0,41,,Telegram,4
994,Vexel,520,2269,9596,4,8,16,32,5,326,,Telegram,10
995,Pigma,4603,7344,11416,3,9,27,81,3,221,,Telegram,5
996,YouTubez,4690,11897,14084,5,10,20,60,0,237,,Telegram,11
997,Canvas,290,5187,9065,0,0,0,0,1,211,,Telegram,11
998,Brush,1600,7642,13866,0,0,0,0,0,309,,Telegram,6
999,Pncl,4740,10754,12297,4,12,24,24,1,182,,Telegram,6
1000,Shade,560,6780,12764,0,0,0,0,4,75,,Telegram,8
1001,Vibe,2630,10649,18865,3,3,9,9,1,303,,Telegram,4
1002,Create,550,5736,12299,4,4,4,4,3,119,,Telegram,6
1003,Visuals,4410,11740,18906,3,6,12,12,3,230,,Telegram,4
1004,Frame,61,2156,9181,5,5,5,5,4,47,,Telegram,2
1005,Tone,4760,8942,16355,4,8,24,24,0,55,,Telegram,3
1006,Void,2780,6376,13216,5,10,10,30,5,215,,Telegram,7
1007,Muse,1690,4279,7363,4,12,12,36,5,80,,Telegram,1
1008,Фанатка Кайто,1160,3311,7703,2,4,12,12,0,95,,Telegram,1